batch_status,canonical_domain,family,jurisdiction,meta_description,meta_title,needs_cross_site_handoff,needs_official_source_block,path,primary_source_id,priority,slug,source_category,summary,title
batch_1_seed,https://buildingregsguide.co.uk,homepage,England-first,"Start here to check whether your home project is likely to need building regulations approval, which route to use, and what proof to keep.",Building regulations checker for UK home projects,False,True,/,govuk_building_regs_approval,high,home,approval_needed,"Start here to check whether your home project is likely to need building regulations approval, which route to use, and what proof to keep.",Building regulations checker for UK home projects
batch_1_seed,https://buildingregsguide.co.uk,hub,England-first,"Plain-English guide to building regulations approval, building control, certificates, inspections and planning handoffs.",Building regulations for home projects,False,True,/building-regulations/,govuk_building_regs_approval,high,building-regulations,approval_needed,"Plain-English guide to building regulations approval, building control, certificates, inspections and planning handoffs.",Building regulations for home projects
batch_1_seed,https://buildingregsguide.co.uk,guide,England-first,Answer-first guide for common home works and when building control or a competent person route may be needed.,Do I need building regulations approval?,True,True,/building-regulations/do-i-need-building-regulations-approval/,govuk_building_regs_approval,high,do-i-need-building-regulations-approval,approval_needed,Answer-first guide for common home works and when building control or a competent person route may be needed.,Do I need building regulations approval?
batch_1_seed,https://buildingregsguide.co.uk,guide,England-first,Explains the two separate tracks and when a project can need both.,Planning permission vs building regulations,True,True,/building-regulations/planning-permission-vs-building-regulations/,govuk_building_regs_approval,high,planning-permission-vs-building-regulations,approval_needed,Explains the two separate tracks and when a project can need both.,Planning permission vs building regulations
batch_1_seed,https://buildingregsguide.co.uk,guide,England-first,"Explains local authority building control, registered building control approvers and when BSR applies.",What is a building control body?,True,True,/building-regulations/building-control-body/,govuk_how_to_apply,high,building-control-body,application_route,"Explains local authority building control, registered building control approvers and when BSR applies.",What is a building control body?
batch_1_seed,https://buildingregsguide.co.uk,guide,England-first,Compares the two common building-control routes for domestic non-HRB projects.,Local authority building control vs registered approver,True,True,/building-regulations/local-authority-building-control-vs-registered-approver/,govuk_how_to_apply,medium,local-authority-building-control-vs-registered-approver,application_route,Compares the two common building-control routes for domestic non-HRB projects.,Local authority building control vs registered approver
batch_1_seed,https://buildingregsguide.co.uk,approval_route,England-first,When full plans can give more certainty before work starts and what documents are usually needed.,Full plans building regulations application,True,True,/building-regulations/full-plans-application/,govuk_how_to_apply,high,full-plans-application,application_route,When full plans can give more certainty before work starts and what documents are usually needed.,Full plans building regulations application
batch_1_seed,https://buildingregsguide.co.uk,approval_route,England-first,When a building notice may suit smaller domestic works and what risk remains.,Building notice for building regulations,True,True,/building-regulations/building-notice/,planning_portal_building_notice,high,building-notice,building_notice,When a building notice may suit smaller domestic works and what risk remains.,Building notice for building regulations
batch_1_seed,https://buildingregsguide.co.uk,approval_route,England-first,"Practical comparison for extensions, lofts, garages and structural alterations.",Full plans vs building notice,True,True,/building-regulations/full-plans-vs-building-notice/,planning_portal_building_notice,high,full-plans-vs-building-notice,building_notice,"Practical comparison for extensions, lofts, garages and structural alterations.",Full plans vs building notice
batch_1_seed,https://buildingregsguide.co.uk,approval_route,England-first,What to do if building work was already done without approval or records are missing.,Regularisation certificate for unauthorised building work,True,True,/building-regulations/regularisation-certificate/,govuk_how_to_apply,high,regularisation-certificate,application_route,What to do if building work was already done without approval or records are missing.,Regularisation certificate for unauthorised building work
batch_1_seed,https://buildingregsguide.co.uk,approval_route,England-first,When a registered installer can self-certify covered work and what certificate to keep.,Competent person schemes,True,True,/building-regulations/competent-person-schemes/,govuk_use_competent_person,high,competent-person-schemes,competent_person_scheme,When a registered installer can self-certify covered work and what certificate to keep.,Competent person schemes
batch_1_seed,https://buildingregsguide.co.uk,approval_route,England-first,What a completion certificate proves and why it matters when selling or remortgaging.,Building regulations completion certificate,True,True,/building-regulations/completion-certificate/,govuk_how_to_apply,high,completion-certificate,application_route,What a completion certificate proves and why it matters when selling or remortgaging.,Building regulations completion certificate
batch_1_seed,https://buildingregsguide.co.uk,approval_route,England-first,Typical inspection stages and what evidence to keep during work.,Building control inspections,True,True,/building-regulations/building-control-inspections/,govuk_how_to_apply,high,building-control-inspections,application_route,Typical inspection stages and what evidence to keep during work.,Building control inspections
batch_1_seed,https://buildingregsguide.co.uk,approval_route,England-first,What drawings/specifications may be needed before building control can assess work.,Building regulations drawings and specifications,True,True,/building-regulations/drawings-and-specifications/,govuk_how_to_apply,medium,drawings-and-specifications,application_route,What drawings/specifications may be needed before building control can assess work.,Building regulations drawings and specifications
batch_1_seed,https://buildingregsguide.co.uk,approval_route,England-first,"When structural calculations may be needed for beams, openings, loft floors and extensions.",Structural calculations and building regulations,True,True,/building-regulations/structural-calculations/,govuk_approved_documents_collection,high,structural-calculations,approved_documents,"When structural calculations may be needed for beams, openings, loft floors and extensions.",Structural calculations and building regulations
batch_1_seed,https://buildingregsguide.co.uk,guardrail,England-first,"Scope warning for flats, high-rise and BSR-controlled work. Not a DIY domestic shortcut page.",Higher-risk buildings and building control approval,False,True,/building-regulations/higher-risk-buildings/,govuk_bsr_higher_risk_buildings,medium,higher-risk-buildings,higher_risk_buildings,"Scope warning for flats, high-rise and BSR-controlled work. Not a DIY domestic shortcut page.",Higher-risk buildings and building control approval
batch_1_seed,https://buildingregsguide.co.uk,jurisdiction,Wales,Devolved Wales source hub and warning not to rely on England-only Approved Document pages.,Building regulations in Wales,False,True,/building-regulations/wales/,govwales_approved_documents,medium,wales-building-regulations,approved_documents_wales,Devolved Wales source hub and warning not to rely on England-only Approved Document pages.,Building regulations in Wales
batch_1_seed,https://buildingregsguide.co.uk,jurisdiction,Scotland,Scotland source hub for building warrants and technical handbooks.,Building standards in Scotland,False,True,/building-regulations/scotland/,govscot_domestic_technical_handbook_2026,medium,scotland-building-standards,scotland_building_standards,Scotland source hub for building warrants and technical handbooks.,Building standards in Scotland
batch_1_seed,https://buildingregsguide.co.uk,project,England-first,"Extension guide covering structure, insulation, drainage, fire safety, ventilation and completion evidence.",Building regulations for extensions,True,True,/projects/extensions-building-regulations/,govuk_building_regs_approval,high,extensions,approved_documents,"Extension guide covering structure, insulation, drainage, fire safety, ventilation and completion evidence.",Building regulations for extensions
batch_1_seed,https://buildingregsguide.co.uk,project,England-first,Checklist-led guide for single-storey domestic extensions.,Single-storey extension building regulations,True,True,/projects/single-storey-extension-building-regulations/,govuk_building_regs_approval,medium,single-storey-extensions,approved_documents,Checklist-led guide for single-storey domestic extensions.,Single-storey extension building regulations
batch_1_seed,https://buildingregsguide.co.uk,project,England-first,"Higher-risk domestic extension checks around structure, fire, drainage and energy.",Two-storey extension building regulations,True,True,/projects/two-storey-extension-building-regulations/,govuk_building_regs_approval,medium,two-storey-extensions,approved_documents,"Higher-risk domestic extension checks around structure, fire, drainage and energy.",Two-storey extension building regulations
batch_1_seed,https://buildingregsguide.co.uk,project,England-first,"Fire escape, stairs, structure, insulation and ventilation requirements to discuss with building control.",Loft conversion building regulations,True,True,/projects/loft-conversion-building-regulations/,govuk_building_regs_approval,high,loft-conversions,approved_documents,"Fire escape, stairs, structure, insulation and ventilation requirements to discuss with building control.",Loft conversion building regulations
batch_1_seed,https://buildingregsguide.co.uk,project,England-first,"Conversion checks for structure, damp, insulation, ventilation, fire safety and sound.",Garage conversion building regulations,True,True,/projects/garage-conversion-building-regulations/,govuk_building_regs_approval,high,garage-conversions,approved_documents,"Conversion checks for structure, damp, insulation, ventilation, fire safety and sound.",Garage conversion building regulations
batch_1_seed,https://buildingregsguide.co.uk,project,England-first,"When garden buildings, offices and workshops move from exempt/simple to building-control relevant.",Outbuilding building regulations,True,True,/projects/outbuilding-building-regulations/,govuk_building_regs_approval,high,outbuildings,approval_needed,"When garden buildings, offices and workshops move from exempt/simple to building-control relevant.",Outbuilding building regulations
batch_1_seed,https://buildingregsguide.co.uk,project,England-first,"Garden office and habitable-use risk checks including electrics, drainage, sleeping use and size.",Garden room building regulations,True,True,/projects/garden-room-building-regulations/,govuk_building_regs_approval,high,garden-rooms,approval_needed,"Garden office and habitable-use risk checks including electrics, drainage, sleeping use and size.",Garden room building regulations
batch_1_seed,https://buildingregsguide.co.uk,project,England-first,"Porch exemption and risk checks around glazing, doors, access, electrics and heating.",Porch building regulations,True,True,/projects/porch-building-regulations/,govuk_building_regs_approval,medium,porches,approval_needed,"Porch exemption and risk checks around glazing, doors, access, electrics and heating.",Porch building regulations
batch_1_seed,https://buildingregsguide.co.uk,project,England-first,"Guide for removing walls, forming openings, beams and load paths.",Structural alteration building regulations,True,True,/projects/structural-alteration-building-regulations/,govuk_approved_documents_collection,high,structural-alterations,approved_documents,"Guide for removing walls, forming openings, beams and load paths.",Structural alteration building regulations
batch_1_seed,https://buildingregsguide.co.uk,project,England-first,"Beam, padstone, calculations, inspection and completion evidence guide.",Removing a load-bearing wall building regulations,True,True,/projects/removing-load-bearing-wall-building-regulations/,govuk_approved_documents_collection,high,removing-load-bearing-wall,approved_documents,"Beam, padstone, calculations, inspection and completion evidence guide.",Removing a load-bearing wall building regulations
batch_1_seed,https://buildingregsguide.co.uk,project,England-first,"Structural support, party wall and building control considerations.",Chimney breast removal building regulations,True,True,/projects/chimney-breast-removal-building-regulations/,govuk_approved_documents_collection,medium,chimney-breast-removal,approved_documents,"Structural support, party wall and building control considerations.",Chimney breast removal building regulations
batch_1_seed,https://buildingregsguide.co.uk,project,England-first,"Roof structure, insulation, rooflights, fire and ventilation checks.",Roof alteration building regulations,True,True,/projects/roof-alteration-building-regulations/,govuk_approved_documents_collection,medium,roof-alterations,approved_documents,"Roof structure, insulation, rooflights, fire and ventilation checks.",Roof alteration building regulations
batch_1_seed,https://buildingregsguide.co.uk,project,England-first,"Structure, glazing, energy and escape considerations for rooflights.",Rooflight building regulations,True,True,/projects/rooflight-building-regulations/,govuk_approved_documents_collection,medium,rooflights,approved_documents,"Structure, glazing, energy and escape considerations for rooflights.",Rooflight building regulations
batch_1_seed,https://buildingregsguide.co.uk,project,England-first,"Glazing, safety, thermal performance, ventilation and certificate evidence.",Windows and doors building regulations,True,True,/projects/windows-doors-building-regulations/,govuk_use_competent_person,high,windows-and-doors,competent_person_scheme,"Glazing, safety, thermal performance, ventilation and certificate evidence.",Windows and doors building regulations
batch_1_seed,https://buildingregsguide.co.uk,project,England-first,Notifiable electrical work and evidence routes for dwellings.,Electrical work building regulations,True,True,/projects/electrical-work-building-regulations/,govuk_use_competent_person,high,electrical-work,competent_person_scheme,Notifiable electrical work and evidence routes for dwellings.,Electrical work building regulations
batch_1_seed,https://buildingregsguide.co.uk,project,England-first,"Heating work, combustion appliances, competent person route and certificate evidence.",Boiler and heating building regulations,True,True,/projects/boiler-heating-building-regulations/,govuk_use_competent_person,high,boilers-heating,competent_person_scheme,"Heating work, combustion appliances, competent person route and certificate evidence.",Boiler and heating building regulations
batch_1_seed,https://buildingregsguide.co.uk,project,England-first,"Building regulations evidence, heating, electrics and planning-side handoff for heat pumps.",Heat pump building regulations,True,True,/projects/heat-pump-building-regulations/,govuk_use_competent_person,medium,heat-pumps,competent_person_scheme,"Building regulations evidence, heating, electrics and planning-side handoff for heat pumps.",Heat pump building regulations
batch_1_seed,https://buildingregsguide.co.uk,project,England-first,"Electrical, structure, roof loading and evidence questions for solar panel installations.",Solar panel building regulations,True,True,/projects/solar-panel-building-regulations/,govuk_use_competent_person,medium,solar-panels,competent_person_scheme,"Electrical, structure, roof loading and evidence questions for solar panel installations.",Solar panel building regulations
batch_1_seed,https://buildingregsguide.co.uk,project,England-first,"Drainage runs, new bathrooms, kitchens, extensions and soakaway/connection questions.",Drainage and waste building regulations,True,True,/projects/drainage-waste-building-regulations/,govuk_approved_documents_collection,high,drainage-and-waste,approved_documents,"Drainage runs, new bathrooms, kitchens, extensions and soakaway/connection questions.",Drainage and waste building regulations
batch_1_seed,https://buildingregsguide.co.uk,project,England-first,"Drainage, ventilation, electrics, structural and completion evidence checks.",Bathroom building regulations,True,True,/projects/bathroom-building-regulations/,govuk_approved_documents_collection,medium,bathrooms,approved_documents,"Drainage, ventilation, electrics, structural and completion evidence checks.",Bathroom building regulations
batch_1_seed,https://buildingregsguide.co.uk,project,England-first,"Ventilation, electrics, drainage, structural changes and certificates for kitchen projects.",Kitchen building regulations,True,True,/projects/kitchen-building-regulations/,govuk_approved_documents_collection,medium,kitchens,approved_documents,"Ventilation, electrics, drainage, structural changes and certificates for kitchen projects.",Kitchen building regulations
batch_1_seed,https://buildingregsguide.co.uk,project,England-first,"Thermal work, ventilation risk and when a wider project changes the route.",Insulation building regulations,True,True,/projects/insulation-building-regulations/,govuk_approved_document_l_2026,medium,insulation,approved_documents,"Thermal work, ventilation risk and when a wider project changes the route.",Insulation building regulations
batch_1_seed,https://buildingregsguide.co.uk,project,England-first,Drainage and water management checks for hard surfaces and cross-over planning handoffs.,Driveway drainage building regulations,True,True,/projects/driveway-drainage-building-regulations/,govuk_approved_documents_collection,medium,driveways-drainage,approved_documents,Drainage and water management checks for hard surfaces and cross-over planning handoffs.,Driveway drainage building regulations
batch_1_seed,https://buildingregsguide.co.uk,project,England-first,"Structure, moisture, ventilation, fire and drainage checks for basement conversions.",Basement conversion building regulations,True,True,/projects/basement-conversion-building-regulations/,govuk_approved_documents_collection,medium,basements,approved_documents,"Structure, moisture, ventilation, fire and drainage checks for basement conversions.",Basement conversion building regulations
batch_1_seed,https://buildingregsguide.co.uk,project,England-first,"Structural, party wall and inspection evidence checks for underpinning work.",Underpinning building regulations,True,True,/projects/underpinning-building-regulations/,govuk_approved_documents_collection,medium,underpinning,approved_documents,"Structural, party wall and inspection evidence checks for underpinning work.",Underpinning building regulations
batch_1_seed,https://buildingregsguide.co.uk,approved_document,England-first,Homeowner-focused explanation of Approved Document A: Structure and which project pages should link to it.,Approved Document A: Structure,False,True,/approved-documents/approved-document-a-structure/,govuk_approved_documents_collection,high,approved-document-a-structure,approved_documents,Homeowner-focused explanation of Approved Document A: Structure and which project pages should link to it.,Approved Document A: Structure
batch_1_seed,https://buildingregsguide.co.uk,approved_document,England-first,Homeowner-focused explanation of Approved Document B: Fire safety and which project pages should link to it.,Approved Document B: Fire safety,False,True,/approved-documents/approved-document-b-fire-safety/,govuk_approved_documents_collection,high,approved-document-b-fire-safety,approved_documents,Homeowner-focused explanation of Approved Document B: Fire safety and which project pages should link to it.,Approved Document B: Fire safety
batch_1_seed,https://buildingregsguide.co.uk,approved_document,England-first,Homeowner-focused explanation of Approved Document C: Site preparation and resistance to contaminants and moisture and which project pages should link to i,Approved Document C: Site preparation and resistance to co,False,True,/approved-documents/approved-document-c-site-preparation-moisture/,govuk_approved_documents_collection,medium,approved-document-c-site-preparation-moisture,approved_documents,Homeowner-focused explanation of Approved Document C: Site preparation and resistance to contaminants and moisture and which project pages should link to it.,Approved Document C: Site preparation and resistance to contaminants and moisture
batch_1_seed,https://buildingregsguide.co.uk,approved_document,England-first,Homeowner-focused explanation of Approved Document E: Resistance to sound and which project pages should link to it.,Approved Document E: Resistance to sound,False,True,/approved-documents/approved-document-e-sound/,govuk_approved_documents_collection,medium,approved-document-e-sound,approved_documents,Homeowner-focused explanation of Approved Document E: Resistance to sound and which project pages should link to it.,Approved Document E: Resistance to sound
batch_1_seed,https://buildingregsguide.co.uk,approved_document,England-first,Homeowner-focused explanation of Approved Document F: Ventilation and which project pages should link to it.,Approved Document F: Ventilation,False,True,/approved-documents/approved-document-f-ventilation/,govuk_approved_document_f_2026,high,approved-document-f-ventilation,approved_documents,Homeowner-focused explanation of Approved Document F: Ventilation and which project pages should link to it.,Approved Document F: Ventilation
batch_1_seed,https://buildingregsguide.co.uk,approved_document,England-first,"Homeowner-focused explanation of Approved Document G: Sanitation, hot water safety and water efficiency and which project pages should link to it.","Approved Document G: Sanitation, hot water safety and wate",False,True,/approved-documents/approved-document-g-sanitation-hot-water-water-efficiency/,govuk_approved_documents_collection,medium,approved-document-g-sanitation-hot-water-water-efficiency,approved_documents,"Homeowner-focused explanation of Approved Document G: Sanitation, hot water safety and water efficiency and which project pages should link to it.","Approved Document G: Sanitation, hot water safety and water efficiency"
batch_1_seed,https://buildingregsguide.co.uk,approved_document,England-first,Homeowner-focused explanation of Approved Document H: Drainage and waste disposal and which project pages should link to it.,Approved Document H: Drainage and waste disposal,False,True,/approved-documents/approved-document-h-drainage-waste/,govuk_approved_documents_collection,high,approved-document-h-drainage-waste,approved_documents,Homeowner-focused explanation of Approved Document H: Drainage and waste disposal and which project pages should link to it.,Approved Document H: Drainage and waste disposal
batch_1_seed,https://buildingregsguide.co.uk,approved_document,England-first,Homeowner-focused explanation of Approved Document J: Combustion appliances and fuel storage systems and which project pages should link to it.,Approved Document J: Combustion appliances and fuel storag,False,True,/approved-documents/approved-document-j-combustion-appliances/,govuk_approved_documents_collection,medium,approved-document-j-combustion-appliances,approved_documents,Homeowner-focused explanation of Approved Document J: Combustion appliances and fuel storage systems and which project pages should link to it.,Approved Document J: Combustion appliances and fuel storage systems
batch_1_seed,https://buildingregsguide.co.uk,approved_document,England-first,"Homeowner-focused explanation of Approved Document K: Protection from falling, collision and impact and which project pages should link to it.","Approved Document K: Protection from falling, collision an",False,True,/approved-documents/approved-document-k-falling-collision-impact/,govuk_approved_documents_collection,high,approved-document-k-falling-collision-impact,approved_documents,"Homeowner-focused explanation of Approved Document K: Protection from falling, collision and impact and which project pages should link to it.","Approved Document K: Protection from falling, collision and impact"
batch_1_seed,https://buildingregsguide.co.uk,approved_document,England-first,Homeowner-focused explanation of Approved Document L: Conservation of fuel and power and which project pages should link to it.,Approved Document L: Conservation of fuel and power,False,True,/approved-documents/approved-document-l-conservation-fuel-power/,govuk_approved_document_l_2026,high,approved-document-l-conservation-fuel-power,approved_documents,Homeowner-focused explanation of Approved Document L: Conservation of fuel and power and which project pages should link to it.,Approved Document L: Conservation of fuel and power
batch_1_seed,https://buildingregsguide.co.uk,approved_document,England-first,Homeowner-focused explanation of Approved Document M: Access to and use of buildings and which project pages should link to it.,Approved Document M: Access to and use of buildings,False,True,/approved-documents/approved-document-m-access/,govuk_approved_documents_collection,medium,approved-document-m-access,approved_documents,Homeowner-focused explanation of Approved Document M: Access to and use of buildings and which project pages should link to it.,Approved Document M: Access to and use of buildings
batch_1_seed,https://buildingregsguide.co.uk,approved_document,England-first,Homeowner-focused explanation of Approved Document O: Overheating and which project pages should link to it.,Approved Document O: Overheating,False,True,/approved-documents/approved-document-o-overheating/,govuk_approved_documents_collection,medium,approved-document-o-overheating,approved_documents,Homeowner-focused explanation of Approved Document O: Overheating and which project pages should link to it.,Approved Document O: Overheating
batch_1_seed,https://buildingregsguide.co.uk,approved_document,England-first,Homeowner-focused explanation of Approved Document P: Electrical safety - dwellings and which project pages should link to it.,Approved Document P: Electrical safety - dwellings,False,True,/approved-documents/approved-document-p-electrical-safety/,govuk_approved_documents_collection,high,approved-document-p-electrical-safety,approved_documents,Homeowner-focused explanation of Approved Document P: Electrical safety - dwellings and which project pages should link to it.,Approved Document P: Electrical safety - dwellings
batch_1_seed,https://buildingregsguide.co.uk,approved_document,England-first,Homeowner-focused explanation of Approved Document Q: Security - dwellings and which project pages should link to it.,Approved Document Q: Security - dwellings,False,True,/approved-documents/approved-document-q-security/,govuk_approved_documents_collection,low,approved-document-q-security,approved_documents,Homeowner-focused explanation of Approved Document Q: Security - dwellings and which project pages should link to it.,Approved Document Q: Security - dwellings
batch_1_seed,https://buildingregsguide.co.uk,approved_document,England-first,Homeowner-focused explanation of Approved Document R: Physical infrastructure for high-speed electronic communications networks and which project pages sho,Approved Document R: Physical infrastructure for high-spee,False,True,/approved-documents/approved-document-r-physical-infrastructure/,govuk_approved_documents_collection,low,approved-document-r-physical-infrastructure,approved_documents,Homeowner-focused explanation of Approved Document R: Physical infrastructure for high-speed electronic communications networks and which project pages should link to it.,Approved Document R: Physical infrastructure for high-speed electronic communications networks
batch_1_seed,https://buildingregsguide.co.uk,approved_document,England-first,Homeowner-focused explanation of Approved Document S: Infrastructure for charging electric vehicles and which project pages should link to it.,Approved Document S: Infrastructure for charging electric ,False,True,/approved-documents/approved-document-s-electric-vehicle-charging/,govuk_approved_documents_collection,medium,approved-document-s-electric-vehicle-charging,approved_documents,Homeowner-focused explanation of Approved Document S: Infrastructure for charging electric vehicles and which project pages should link to it.,Approved Document S: Infrastructure for charging electric vehicles
batch_1_seed,https://buildingregsguide.co.uk,approved_document,England-first,Homeowner-focused explanation of Approved Document T: Toilet accommodation and which project pages should link to it.,Approved Document T: Toilet accommodation,False,True,/approved-documents/approved-document-t-toilets/,govuk_approved_documents_collection,low,approved-document-t-toilets,approved_documents,Homeowner-focused explanation of Approved Document T: Toilet accommodation and which project pages should link to it.,Approved Document T: Toilet accommodation
batch_1_seed,https://buildingregsguide.co.uk,approved_document,England-first,Homeowner-focused explanation of Regulation 7: Materials and workmanship and which project pages should link to it.,Regulation 7: Materials and workmanship,False,True,/approved-documents/regulation-7-materials-workmanship/,govuk_approved_documents_collection,medium,regulation-7-materials-workmanship,approved_documents,Homeowner-focused explanation of Regulation 7: Materials and workmanship and which project pages should link to it.,Regulation 7: Materials and workmanship
batch_1_seed,https://buildingregsguide.co.uk,tool,England-first,"Chooses likely next route: planning-first, full plans, building notice, competent person, regularisation, or specialist advice.",Building Control Route Checker,False,True,/tools/building-control-route-checker/,govuk_building_regs_approval,high,building-control-route-checker,tool,"Chooses likely next route: planning-first, full plans, building notice, competent person, regularisation, or specialist advice.",Building Control Route Checker
batch_1_seed,https://buildingregsguide.co.uk,tool,England-first,"Compares project complexity, certainty needs, start timing and structural risk.",Full Plans vs Building Notice Checker,False,True,/tools/full-plans-vs-building-notice-checker/,govuk_building_regs_approval,high,full-plans-vs-building-notice-checker,tool,"Compares project complexity, certainty needs, start timing and structural risk.",Full Plans vs Building Notice Checker
batch_1_seed,https://buildingregsguide.co.uk,tool,England-first,Checks whether the work type commonly fits registered installer self-certification.,Competent Person Scheme Checker,False,True,/tools/competent-person-scheme-checker/,govuk_building_regs_approval,high,competent-person-scheme-checker,tool,Checks whether the work type commonly fits registered installer self-certification.,Competent Person Scheme Checker
batch_1_seed,https://buildingregsguide.co.uk,tool,England-first,"Creates a record list for inspections, certificates and missing evidence before completion.",Completion Certificate Readiness Checker,False,True,/tools/completion-certificate-readiness-checker/,govuk_building_regs_approval,high,completion-certificate-readiness-checker,tool,"Creates a record list for inspections, certificates and missing evidence before completion.",Completion Certificate Readiness Checker
batch_1_seed,https://buildingregsguide.co.uk,tool,England-first,"Builds likely inspection/evidence stages for extensions, lofts, garages and structural work.",Inspection Stage Checklist Generator,False,True,/tools/inspection-stage-checklist-generator/,govuk_building_regs_approval,high,inspection-stage-checklist-generator,tool,"Builds likely inspection/evidence stages for extensions, lofts, garages and structural work.",Inspection Stage Checklist Generator
batch_1_seed,https://buildingregsguide.co.uk,tool,England-first,Maps project features to relevant Approved Documents and source pages.,Approved Document Router,False,True,/tools/approved-document-router/,govuk_how_to_apply,high,approved-document-router,tool,Maps project features to relevant Approved Documents and source pages.,Approved Document Router
batch_1_seed,https://buildingregsguide.co.uk,tool,England-first,Generates a pre-application pack for extension building control conversations.,Extension Building Regs Prep Pack,False,True,/tools/extension-regs-prep-pack/,govuk_how_to_apply,high,extension-regs-prep-pack,tool,Generates a pre-application pack for extension building control conversations.,Extension Building Regs Prep Pack
batch_1_seed,https://buildingregsguide.co.uk,tool,England-first,"Flags loft conversion fire, escape and stair questions to settle before quotes.",Loft Fire Safety Prep Checker,False,True,/tools/loft-fire-safety-prep-checker/,govuk_how_to_apply,high,loft-fire-safety-prep-checker,tool,"Flags loft conversion fire, escape and stair questions to settle before quotes.",Loft Fire Safety Prep Checker
batch_1_seed,https://buildingregsguide.co.uk,tool,England-first,"Checks common garage conversion triggers: damp, insulation, ventilation, structure and fire.",Garage Conversion Building Regs Checker,False,True,/tools/garage-conversion-regs-checker/,govuk_how_to_apply,high,garage-conversion-regs-checker,tool,"Checks common garage conversion triggers: damp, insulation, ventilation, structure and fire.",Garage Conversion Building Regs Checker
batch_1_seed,https://buildingregsguide.co.uk,tool,England-first,"Creates a checklist for beams, openings, calculations, party wall risk and inspections.",Structural Alteration Readiness Checker,False,True,/tools/structural-alteration-readiness-checker/,govuk_how_to_apply,high,structural-alteration-readiness-checker,tool,"Creates a checklist for beams, openings, calculations, party wall risk and inspections.",Structural Alteration Readiness Checker
batch_1_seed,https://buildingregsguide.co.uk,tool,England-first,Checks whether drainage changes need early building control/design input.,Drainage and Waste Route Checker,False,True,/tools/drainage-waste-route-checker/,govuk_how_to_apply,medium,drainage-waste-route-checker,tool,Checks whether drainage changes need early building control/design input.,Drainage and Waste Route Checker
batch_1_seed,https://buildingregsguide.co.uk,tool,England-first,Helps homeowners know what certificate/evidence to request and keep.,Windows and Doors Certificate Checker,False,True,/tools/windows-doors-certificate-checker/,govuk_how_to_apply,medium,windows-doors-certificate-checker,tool,Helps homeowners know what certificate/evidence to request and keep.,Windows and Doors Certificate Checker
batch_1_seed,https://buildingregsguide.co.uk,tool,England-first,"Routes electrical work to competent person, building control or non-notifiable evidence reminder.",Electrical Work Notifiable Checker,False,True,/tools/electrical-work-notifiable-checker/,govuk_how_to_apply,medium,electrical-work-notifiable-checker,tool,"Routes electrical work to competent person, building control or non-notifiable evidence reminder.",Electrical Work Notifiable Checker
batch_1_seed,https://buildingregsguide.co.uk,tool,England-first,Shows certificate and installer evidence to keep for heating/boiler work.,Heating and Boiler Evidence Checker,False,True,/tools/heating-boiler-evidence-checker/,govuk_how_to_apply,medium,heating-boiler-evidence-checker,tool,Shows certificate and installer evidence to keep for heating/boiler work.,Heating and Boiler Evidence Checker
batch_1_seed,https://buildingregsguide.co.uk,tool,England-first,For missing historic approvals; outputs what records to collect before approaching building control.,Regularisation Risk Triage,False,True,/tools/regularisation-risk-triage/,govuk_how_to_apply,medium,regularisation-risk-triage,tool,For missing historic approvals; outputs what records to collect before approaching building control.,Regularisation Risk Triage
batch_1_seed,https://buildingregsguide.co.uk,tool,England-first,Creates a record sheet for building-control evidence when selling or remortgaging.,Sale or Remortgage Evidence Pack Builder,False,True,/tools/sale-remortgage-evidence-pack-builder/,govuk_how_to_apply,medium,sale-remortgage-evidence-pack-builder,tool,Creates a record sheet for building-control evidence when selling or remortgaging.,Sale or Remortgage Evidence Pack Builder
batch_1_seed,https://buildingregsguide.co.uk,tool,England-first,Prevents users relying on the wrong jurisdiction guidance.,"England, Wales or Scotland Route Selector",False,True,/tools/jurisdiction-route-selector/,govuk_how_to_apply,medium,jurisdiction-route-selector,tool,Prevents users relying on the wrong jurisdiction guidance.,"England, Wales or Scotland Route Selector"
batch_1_seed,https://buildingregsguide.co.uk,download,England-first,Printable HTML-first checklist: Extension building regulations checklist.,Extension building regulations checklist,False,True,/downloads/extension-building-regulations-checklist/,govuk_building_regs_approval,high,extension-building-regulations-checklist,download,Printable HTML-first checklist: Extension building regulations checklist.,Extension building regulations checklist
batch_1_seed,https://buildingregsguide.co.uk,download,England-first,Printable HTML-first checklist: Loft conversion building regulations checklist.,Loft conversion building regulations checklist,False,True,/downloads/loft-conversion-building-regulations-checklist/,govuk_building_regs_approval,high,loft-conversion-building-regulations-checklist,download,Printable HTML-first checklist: Loft conversion building regulations checklist.,Loft conversion building regulations checklist
batch_1_seed,https://buildingregsguide.co.uk,download,England-first,Printable HTML-first checklist: Garage conversion building regulations checklist.,Garage conversion building regulations checklist,False,True,/downloads/garage-conversion-building-regulations-checklist/,govuk_building_regs_approval,high,garage-conversion-building-regulations-checklist,download,Printable HTML-first checklist: Garage conversion building regulations checklist.,Garage conversion building regulations checklist
batch_1_seed,https://buildingregsguide.co.uk,download,England-first,Printable HTML-first checklist: Building notice vs full plans worksheet.,Building notice vs full plans worksheet,False,True,/downloads/building-notice-vs-full-plans-worksheet/,govuk_building_regs_approval,high,building-notice-vs-full-plans-worksheet,download,Printable HTML-first checklist: Building notice vs full plans worksheet.,Building notice vs full plans worksheet
batch_1_seed,https://buildingregsguide.co.uk,download,England-first,Printable HTML-first checklist: Completion certificate record sheet.,Completion certificate record sheet,False,True,/downloads/completion-certificate-record-sheet/,govuk_building_regs_approval,high,completion-certificate-record-sheet,download,Printable HTML-first checklist: Completion certificate record sheet.,Completion certificate record sheet
batch_1_seed,https://buildingregsguide.co.uk,download,England-first,Printable HTML-first checklist: Competent person certificate checklist.,Competent person certificate checklist,False,True,/downloads/competent-person-certificate-checklist/,govuk_building_regs_approval,high,competent-person-certificate-checklist,download,Printable HTML-first checklist: Competent person certificate checklist.,Competent person certificate checklist
batch_1_seed,https://buildingregsguide.co.uk,download,England-first,Printable HTML-first checklist: Inspection stage record sheet.,Inspection stage record sheet,False,True,/downloads/inspection-stage-record-sheet/,govuk_building_regs_approval,high,inspection-stage-record-sheet,download,Printable HTML-first checklist: Inspection stage record sheet.,Inspection stage record sheet
batch_1_seed,https://buildingregsguide.co.uk,download,England-first,Printable HTML-first checklist: Structural calculations briefing sheet.,Structural calculations briefing sheet,False,True,/downloads/structural-calculations-briefing-sheet/,govuk_building_regs_approval,high,structural-calculations-briefing-sheet,download,Printable HTML-first checklist: Structural calculations briefing sheet.,Structural calculations briefing sheet
batch_1_seed,https://buildingregsguide.co.uk,download,England-first,Printable HTML-first checklist: Drainage and waste checklist.,Drainage and waste checklist,False,True,/downloads/drainage-and-waste-checklist/,govuk_building_regs_approval,high,drainage-and-waste-checklist,download,Printable HTML-first checklist: Drainage and waste checklist.,Drainage and waste checklist
batch_1_seed,https://buildingregsguide.co.uk,download,England-first,Printable HTML-first checklist: Windows and doors certificate checklist.,Windows and doors certificate checklist,False,True,/downloads/windows-and-doors-certificate-checklist/,govuk_building_regs_approval,high,windows-and-doors-certificate-checklist,download,Printable HTML-first checklist: Windows and doors certificate checklist.,Windows and doors certificate checklist
batch_1_seed,https://buildingregsguide.co.uk,download,England-first,Printable HTML-first checklist: Electrical work evidence checklist.,Electrical work evidence checklist,False,True,/downloads/electrical-work-evidence-checklist/,govuk_building_regs_approval,high,electrical-work-evidence-checklist,download,Printable HTML-first checklist: Electrical work evidence checklist.,Electrical work evidence checklist
batch_1_seed,https://buildingregsguide.co.uk,download,England-first,Printable HTML-first checklist: Heating and boiler certificate checklist.,Heating and boiler certificate checklist,False,True,/downloads/heating-boiler-certificate-checklist/,govuk_building_regs_approval,high,heating-boiler-certificate-checklist,download,Printable HTML-first checklist: Heating and boiler certificate checklist.,Heating and boiler certificate checklist
batch_1_seed,https://buildingregsguide.co.uk,download,England-first,Printable HTML-first checklist: Regularisation evidence pack.,Regularisation evidence pack,False,True,/downloads/regularisation-evidence-pack/,govuk_building_regs_approval,high,regularisation-evidence-pack,download,Printable HTML-first checklist: Regularisation evidence pack.,Regularisation evidence pack
batch_1_seed,https://buildingregsguide.co.uk,download,England-first,Printable HTML-first checklist: Approved Document router summary.,Approved Document router summary,False,True,/downloads/approved-document-router-summary/,govuk_building_regs_approval,high,approved-document-router-summary,download,Printable HTML-first checklist: Approved Document router summary.,Approved Document router summary
batch_1_seed,https://buildingregsguide.co.uk,download,England-first,Printable HTML-first checklist: Building control phone call script.,Building control phone call script,False,True,/downloads/building-control-phone-call-script/,govuk_building_regs_approval,high,building-control-phone-call-script,download,Printable HTML-first checklist: Building control phone call script.,Building control phone call script
batch_1_seed,https://buildingregsguide.co.uk,download,England-first,Printable HTML-first checklist: Builder quote building regs questions.,Builder quote building regs questions,False,True,/downloads/builder-quote-building-regs-questions/,govuk_building_regs_approval,high,builder-quote-building-regs-questions,download,Printable HTML-first checklist: Builder quote building regs questions.,Builder quote building regs questions
batch_1_seed,https://buildingregsguide.co.uk,download,England-first,Printable HTML-first checklist: Sale/remortgage building regs proof folder.,Sale/remortgage building regs proof folder,False,True,/downloads/sale-remortgage-proof-folder/,govuk_building_regs_approval,high,sale-remortgage-proof-folder,download,Printable HTML-first checklist: Sale/remortgage building regs proof folder.,Sale/remortgage building regs proof folder
batch_1_seed,https://buildingregsguide.co.uk,download,England-first,Printable HTML-first checklist: Garden room building regs checklist.,Garden room building regs checklist,False,True,/downloads/garden-room-building-regs-checklist/,govuk_building_regs_approval,high,garden-room-building-regs-checklist,download,Printable HTML-first checklist: Garden room building regs checklist.,Garden room building regs checklist
batch_1_seed,https://buildingregsguide.co.uk,download,England-first,Printable HTML-first checklist: Load-bearing wall removal checklist.,Load-bearing wall removal checklist,False,True,/downloads/load-bearing-wall-removal-checklist/,govuk_building_regs_approval,high,load-bearing-wall-removal-checklist,download,Printable HTML-first checklist: Load-bearing wall removal checklist.,Load-bearing wall removal checklist
batch_1_seed,https://buildingregsguide.co.uk,download,England-first,Printable HTML-first checklist: Rooflight building regs checklist.,Rooflight building regs checklist,False,True,/downloads/rooflight-building-regs-checklist/,govuk_building_regs_approval,high,rooflight-building-regs-checklist,download,Printable HTML-first checklist: Rooflight building regs checklist.,Rooflight building regs checklist
batch_1_seed,https://buildingregsguide.co.uk,download,England-first,Printable HTML-first checklist: Heat pump building regs evidence sheet.,Heat pump building regs evidence sheet,False,True,/downloads/heat-pump-building-regs-evidence-sheet/,govuk_building_regs_approval,medium,heat-pump-building-regs-evidence-sheet,download,Printable HTML-first checklist: Heat pump building regs evidence sheet.,Heat pump building regs evidence sheet
batch_1_seed,https://buildingregsguide.co.uk,download,England-first,Printable HTML-first checklist: Solar panel structure and electrical checklist.,Solar panel structure and electrical checklist,False,True,/downloads/solar-panel-structure-electrical-checklist/,govuk_building_regs_approval,medium,solar-panel-structure-electrical-checklist,download,Printable HTML-first checklist: Solar panel structure and electrical checklist.,Solar panel structure and electrical checklist
batch_1_seed,https://buildingregsguide.co.uk,download,England-first,Printable HTML-first checklist: Bathroom building regs checklist.,Bathroom building regs checklist,False,True,/downloads/bathroom-building-regs-checklist/,govuk_building_regs_approval,medium,bathroom-building-regs-checklist,download,Printable HTML-first checklist: Bathroom building regs checklist.,Bathroom building regs checklist
batch_1_seed,https://buildingregsguide.co.uk,download,England-first,Printable HTML-first checklist: Kitchen building regs checklist.,Kitchen building regs checklist,False,True,/downloads/kitchen-building-regs-checklist/,govuk_building_regs_approval,medium,kitchen-building-regs-checklist,download,Printable HTML-first checklist: Kitchen building regs checklist.,Kitchen building regs checklist
batch_1_seed,https://buildingregsguide.co.uk,download,England-first,Printable HTML-first checklist: Wales/Scotland source checklist.,Wales/Scotland source checklist,False,True,/downloads/wales-scotland-source-checklist/,govuk_building_regs_approval,medium,wales-scotland-source-checklist,download,Printable HTML-first checklist: Wales/Scotland source checklist.,Wales/Scotland source checklist
batch_1_seed,https://buildingregsguide.co.uk,download,England-first,Printable HTML-first checklist: Higher-risk building warning sheet.,Higher-risk building warning sheet,False,True,/downloads/higher-risk-building-warning-sheet/,govuk_building_regs_approval,medium,higher-risk-building-warning-sheet,download,Printable HTML-first checklist: Higher-risk building warning sheet.,Higher-risk building warning sheet
batch_1_seed,https://buildingregsguide.co.uk,download,England-first,Printable HTML-first checklist: Building regs project file index.,Building regs project file index,False,True,/downloads/building-regs-project-file-index/,govuk_building_regs_approval,medium,building-regs-project-file-index,download,Printable HTML-first checklist: Building regs project file index.,Building regs project file index
batch_1_seed,https://buildingregsguide.co.uk,download,England-first,Printable HTML-first checklist: Approved Document version record.,Approved Document version record,False,True,/downloads/approved-document-version-record/,govuk_building_regs_approval,medium,approved-document-version-record,download,Printable HTML-first checklist: Approved Document version record.,Approved Document version record
batch_1_seed,https://buildingregsguide.co.uk,download,England-first,Printable HTML-first checklist: Before-you-start building regs checklist.,Before-you-start building regs checklist,False,True,/downloads/before-you-start-building-regs-checklist/,govuk_building_regs_approval,medium,before-you-start-building-regs-checklist,download,Printable HTML-first checklist: Before-you-start building regs checklist.,Before-you-start building regs checklist
batch_1_seed,https://buildingregsguide.co.uk,download,England-first,Printable HTML-first checklist: Completion day handover checklist.,Completion day handover checklist,False,True,/downloads/completion-day-handover-checklist/,govuk_building_regs_approval,medium,completion-day-handover-checklist,download,Printable HTML-first checklist: Completion day handover checklist.,Completion day handover checklist
batch_3_full_hub_draft,https://buildingregsguide.co.uk,approved_document_hub,England-first,Plain-English guide to Approved Document A: Structure for homeowner building regulation projects.,Approved Document A: Structure,,True,/approved-documents/a-structure/,govuk_approved_documents_collection,high,approved-document-a-structure,,"structural safety: loads, ground movement, disproportionate collapse and stability of buildings and building work",Approved Document A: Structure
batch_3_full_hub_draft,https://buildingregsguide.co.uk,approved_document_hub,England-first,Plain-English guide to Approved Document B: Fire safety for homeowner building regulation projects.,Approved Document B: Fire safety,,True,/approved-documents/b-fire-safety/,govuk_approved_documents_collection,high,approved-document-b-fire-safety,,"means of warning and escape, internal fire spread, external fire spread and fire service access",Approved Document B: Fire safety
batch_3_full_hub_draft,https://buildingregsguide.co.uk,approved_document_hub,England-first,"Plain-English guide to Approved Document C: Site preparation, contaminants and moisture for homeowner building regulation projects.","Approved Document C: Site preparation, contaminants and moisture",,True,/approved-documents/c-site-preparation-moisture/,govuk_approved_documents_collection,high,approved-document-c-site-preparation-moisture,,"site preparation, moisture resistance, radon/contaminants and damp protection","Approved Document C: Site preparation, contaminants and moisture"
batch_3_full_hub_draft,https://buildingregsguide.co.uk,approved_document_hub,England-first,Plain-English guide to Approved Document D: Toxic substances for homeowner building regulation projects.,Approved Document D: Toxic substances,,True,/approved-documents/d-toxic-substances/,govuk_approved_documents_collection,high,approved-document-d-toxic-substances,,"limiting risks from toxic substances, especially cavity insulation formaldehyde-related issues",Approved Document D: Toxic substances
batch_3_full_hub_draft,https://buildingregsguide.co.uk,approved_document_hub,England-first,Plain-English guide to Approved Document E: Resistance to sound for homeowner building regulation projects.,Approved Document E: Resistance to sound,,True,/approved-documents/e-sound/,govuk_approved_documents_collection,high,approved-document-e-sound,,"sound insulation between dwellings, rooms for residential purposes and acoustic separation in relevant building work",Approved Document E: Resistance to sound
batch_3_full_hub_draft,https://buildingregsguide.co.uk,approved_document_hub,England-first,Plain-English guide to Approved Document F: Ventilation for homeowner building regulation projects.,Approved Document F: Ventilation,,True,/approved-documents/f-ventilation/,govuk_approved_documents_collection,high,approved-document-f-ventilation,,"adequate ventilation to buildings, rooms and wet areas, including extract and background ventilation",Approved Document F: Ventilation
batch_3_full_hub_draft,https://buildingregsguide.co.uk,approved_document_hub,England-first,"Plain-English guide to Approved Document G: Sanitation, hot water safety and water efficiency for homeowner building regulation projects.","Approved Document G: Sanitation, hot water safety and water efficiency",,True,/approved-documents/g-sanitation-hot-water-water-efficiency/,govuk_approved_documents_collection,high,approved-document-g-sanitation-hot-water-water-efficiency,,"sanitary conveniences, washing facilities, hot water safety, water efficiency and wholesome water","Approved Document G: Sanitation, hot water safety and water efficiency"
batch_3_full_hub_draft,https://buildingregsguide.co.uk,approved_document_hub,England-first,Plain-English guide to Approved Document H: Drainage and waste disposal for homeowner building regulation projects.,Approved Document H: Drainage and waste disposal,,True,/approved-documents/h-drainage-waste/,govuk_approved_documents_collection,high,approved-document-h-drainage-waste,,"foul water, rainwater drainage, solid waste storage and related drainage arrangements",Approved Document H: Drainage and waste disposal
batch_3_full_hub_draft,https://buildingregsguide.co.uk,approved_document_hub,England-first,Plain-English guide to Approved Document J: Combustion appliances and fuel storage for homeowner building regulation projects.,Approved Document J: Combustion appliances and fuel storage,,True,/approved-documents/j-combustion-appliances/,govuk_approved_documents_collection,high,approved-document-j-combustion-appliances,,"safe combustion appliances, flues, hearths, ventilation, carbon monoxide safety and fuel storage",Approved Document J: Combustion appliances and fuel storage
batch_3_full_hub_draft,https://buildingregsguide.co.uk,approved_document_hub,England-first,"Plain-English guide to Approved Document K: Protection from falling, collision and impact for homeowner building regulation projects.","Approved Document K: Protection from falling, collision and impact",,True,/approved-documents/k-falling-collision-impact/,govuk_approved_documents_collection,high,approved-document-k-falling-collision-impact,,"stairs, ramps, guards, glazing collision risk and protection from falling","Approved Document K: Protection from falling, collision and impact"
batch_3_full_hub_draft,https://buildingregsguide.co.uk,approved_document_hub,England-first,Plain-English guide to Approved Document L: Conservation of fuel and power for homeowner building regulation projects.,Approved Document L: Conservation of fuel and power,,True,/approved-documents/l-conservation-fuel-power/,govuk_approved_documents_collection,high,approved-document-l-conservation-fuel-power,,"energy performance, insulation, heating efficiency, airtightness, glazing and services efficiency",Approved Document L: Conservation of fuel and power
batch_3_full_hub_draft,https://buildingregsguide.co.uk,approved_document_hub,England-first,Plain-English guide to Approved Document M: Access to and use of buildings for homeowner building regulation projects.,Approved Document M: Access to and use of buildings,,True,/approved-documents/m-access/,govuk_approved_documents_collection,high,approved-document-m-access,,"accessibility and use, including accessible entrances, circulation, sanitary provision and visitability",Approved Document M: Access to and use of buildings
batch_3_full_hub_draft,https://buildingregsguide.co.uk,approved_document_hub,England-first,Plain-English guide to Approved Document O: Overheating for homeowner building regulation projects.,Approved Document O: Overheating,,True,/approved-documents/o-overheating/,govuk_approved_documents_collection,high,approved-document-o-overheating,,limiting unwanted solar gains and providing means to remove excess heat in new residential buildings,Approved Document O: Overheating
batch_3_full_hub_draft,https://buildingregsguide.co.uk,approved_document_hub,England-first,Plain-English guide to Approved Document P: Electrical safety for homeowner building regulation projects.,Approved Document P: Electrical safety,,True,/approved-documents/p-electrical-safety/,govuk_approved_documents_collection,high,approved-document-p-electrical-safety,,electrical safety in dwellings and associated building work,Approved Document P: Electrical safety
batch_3_full_hub_draft,https://buildingregsguide.co.uk,approved_document_hub,England-first,Plain-English guide to Approved Document Q: Security in dwellings for homeowner building regulation projects.,Approved Document Q: Security in dwellings,,True,/approved-documents/q-security/,govuk_approved_documents_collection,high,approved-document-q-security,,"security standards for doors, windows and accessible openings in new dwellings and relevant conversions",Approved Document Q: Security in dwellings
batch_3_full_hub_draft,https://buildingregsguide.co.uk,approved_document_hub,England-first,Plain-English guide to Approved Document R: Physical infrastructure for electronic communications for homeowner building regulation projects.,Approved Document R: Physical infrastructure for electronic communications,,True,/approved-documents/r-physical-infrastructure/,govuk_approved_documents_collection,high,approved-document-r-physical-infrastructure,,in-building physical infrastructure for high-speed electronic communications networks,Approved Document R: Physical infrastructure for electronic communications
batch_3_full_hub_draft,https://buildingregsguide.co.uk,approved_document_hub,England-first,Plain-English guide to Approved Document S: Electric vehicle charging infrastructure for homeowner building regulation projects.,Approved Document S: Electric vehicle charging infrastructure,,True,/approved-documents/s-electric-vehicle-charging/,govuk_approved_documents_collection,high,approved-document-s-electric-vehicle-charging,,EV charge point and cable-route provision for new residential and certain other building work,Approved Document S: Electric vehicle charging infrastructure
batch_3_full_hub_draft,https://buildingregsguide.co.uk,approved_document_hub,England-first,Plain-English guide to Approved Document T: Toilet accommodation for homeowner building regulation projects.,Approved Document T: Toilet accommodation,,True,/approved-documents/t-toilets/,govuk_approved_documents_collection,high,approved-document-t-toilets,,toilet accommodation requirements introduced as a separate Approved Document for relevant buildings,Approved Document T: Toilet accommodation
batch_3_full_hub_draft,https://buildingregsguide.co.uk,approved_document_hub,England-first,Plain-English guide to Approved Document 7: Materials and workmanship for homeowner building regulation projects.,Approved Document 7: Materials and workmanship,,True,/approved-documents/7-materials-and-workmanship/,govuk_approved_documents_collection,high,approved-document-7-materials-and-workmanship,,suitability of materials and workmanship standards used to meet building regulation requirements,Approved Document 7: Materials and workmanship
batch_3_deep_dive_draft,https://buildingregsguide.co.uk,project_deep_dive,England-first,"Building regulations route, likely Approved Documents, inspections and evidence checklist for replacement windows and doors building regulations.",Replacement windows and doors building regulations,True,True,/projects/replacement-windows-doors-building-regulations/,govuk_building_regs_approval,high,replacement-windows-doors-building-regulations,,Often handled through a competent person scheme for registered installers. Keep the compliance certificate.,Replacement windows and doors building regulations
batch_3_deep_dive_draft,https://buildingregsguide.co.uk,project_deep_dive,England-first,"Building regulations route, likely Approved Documents, inspections and evidence checklist for solar panels building regulations.",Solar panels building regulations,True,True,/projects/solar-panels-building-regulations/,govuk_building_regs_approval,high,solar-panels-building-regulations,,"Building regulations can cover structure, electrics and fire/equipment safety even where planning is permitted development.",Solar panels building regulations
batch_3_deep_dive_draft,https://buildingregsguide.co.uk,project_deep_dive,England-first,"Building regulations route, likely Approved Documents, inspections and evidence checklist for rooflights building regulations.",Rooflights building regulations,True,True,/projects/rooflights-building-regulations/,govuk_building_regs_approval,high,rooflights-building-regulations,,"Small rooflights may be simple, but structure, insulation, safety glass, ventilation and fire escape roles must be checked.",Rooflights building regulations
batch_3_deep_dive_draft,https://buildingregsguide.co.uk,project_deep_dive,England-first,"Building regulations route, likely Approved Documents, inspections and evidence checklist for roof alterations building regulations.",Roof alterations building regulations,True,True,/projects/roof-alterations-building-regulations/,govuk_building_regs_approval,high,roof-alterations-building-regulations,,Treat structural roof changes as building control work unless clearly minor and non-structural.,Roof alterations building regulations
batch_3_deep_dive_draft,https://buildingregsguide.co.uk,project_deep_dive,England-first,"Building regulations route, likely Approved Documents, inspections and evidence checklist for insulation upgrades building regulations.",Insulation upgrades building regulations,True,True,/projects/insulation-upgrades-building-regulations/,govuk_building_regs_approval,high,insulation-upgrades-building-regulations,,Thermal upgrades can trigger Part L and can create moisture/ventilation/fire risks if treated as decoration only.,Insulation upgrades building regulations
batch_3_deep_dive_draft,https://buildingregsguide.co.uk,project_deep_dive,England-first,"Building regulations route, likely Approved Documents, inspections and evidence checklist for flat alterations building regulations.",Flat alterations building regulations,True,True,/projects/flat-alterations-building-regulations/,govuk_building_regs_approval,high,flat-alterations-building-regulations,,"Work to flats is higher sensitivity. Check lease/freeholder, fire strategy, sound, structure and building control before starting.",Flat alterations building regulations
batch_3_deep_dive_draft,https://buildingregsguide.co.uk,project_deep_dive,England-first,"Building regulations route, likely Approved Documents, inspections and evidence checklist for creating a new dwelling building regulations.",Creating a new dwelling building regulations,True,True,/projects/creating-new-dwelling-building-regulations/,govuk_building_regs_approval,high,creating-new-dwelling-building-regulations,,Use full plans and professional design. Creating a new dwelling pulls in the widest set of Approved Documents and usually has planning/change-of-use overlap.,Creating a new dwelling building regulations
